Cost Component,Proportion
Transport,79.35189455717129
Housing,12.342677725664327
Entertainment and Education,7.3882593625177435
Clothing and Shoes,0.41868265782212283
Utilities,0.2742065710199099
Meals,0.0786497045568008
Groceries,0.05366528734262213
Market Items,0.023677917391638912
Fruits and Vegetables,0.022376391018323623
Mortgage,0.0222986703372228
Drinks,0.018115999539455228
Cigarettes,0.005495155618526578
