,Total Cost of Living,Transport,Housing,Salary
Total Cost of Living,1.0,-0.07130682667285497,-0.052721408646017064,-0.03510075987625924
Transport,-0.07130682667285497,1.0,0.1880529059026124,0.20528133345416005
Housing,-0.052721408646017064,0.1880529059026124,1.0,0.4053451306508663
Salary,-0.03510075987625924,0.20528133345416005,0.4053451306508663,1.0
