Cost Component,Proportion
Transport,76.75629635754402
Entertainment and Education,11.246605186344475
Housing,10.941015484407767
Clothing and Shoes,0.47275877960470236
Utilities,0.3282577388483745
Meals,0.11570692985918768
Groceries,0.06088152126997205
Drinks,0.0233210519877951
Fruits and Vegetables,0.01876130143106022
Market Items,0.017945178606736268
Cigarettes,0.011228774557370806
Mortgage,0.007221695538543147
