Cost Component,Proportion
Transport,69.46399612826548
Entertainment and Education,16.35742688292863
Housing,12.997882650886503
Clothing and Shoes,0.44047623048346934
Utilities,0.40714673243687244
Meals,0.1379594991938637
Groceries,0.07120906399927515
Fruits and Vegetables,0.036517229444987365
Drinks,0.032660708486930055
Market Items,0.032307344378489825
Cigarettes,0.014010070041868763
Mortgage,0.008407459453619525
