Cost Component,Proportion
Transport,61.54107277068304
Housing,15.991224101358148
Entertainment and Education,12.072357362907882
Utilities,9.538479717275955
Clothing and Shoes,0.4938082184153588
Meals,0.1539835741430632
Groceries,0.06617175492652075
Cigarettes,0.035852692493267224
Drinks,0.03488346043200845
Fruits and Vegetables,0.03402284594262835
Market Items,0.03260249142255645
Mortgage,0.005541009999566419
