Cost Component,Proportion
Transport,59.67649901823896
Entertainment and Education,27.120003924370877
Housing,12.448183819310055
Clothing and Shoes,0.34967059629226555
Utilities,0.1792944691826577
Groceries,0.07368457871076156
Meals,0.0597566464538772
Fruits and Vegetables,0.037359918639890105
Market Items,0.02613327034742772
Drinks,0.020807796141808575
Cigarettes,0.00452249802345961
Mortgage,0.004083464287952185
