Cost Component,Proportion
Transport,84.54468780066597
Entertainment and Education,8.761441288165656
Housing,5.766204308694682
Clothing and Shoes,0.4687288752010592
Utilities,0.22244740242974187
Meals,0.08818054104253514
Groceries,0.05353299190119831
Mortgage,0.02572351940793782
Market Items,0.023844269796724594
Drinks,0.020555521286848545
Fruits and Vegetables,0.018388219321345104
Cigarettes,0.006265262086318161
